UID,Ban_by,UID,Gender,Name,Intro,Locale,Service,Caught(TPE)
999912112,System,ç”·,åŒ—æŠ•ç¾…å¿—ç¥¥,åŠ è³´0981987654,zh-TW,,2019-12-11 17:43:04 +0800
4377266,harry,å¥³,å¯æ„›çš„å¯å¯å‘€,çœŸå¿ƒäº¤å‹åŠ è³´ty837å‘€,zh-TW,Data Communication Business Group,2019-10-17 11:36:54 +0800
4364791,harry,å¥³,èè,åŠ è³´æœ‰é©šå–œå“¦ï¼škm39666,zh-TW,Data Communication Business Group,2019-10-17 11:37:42 +0800
4361823,harry,å¥³,äº¤å‹åŠ è³´yd8989,,zh-TW,Data Communication Business Group,2019-10-14 17:59:54 +0800
4356360,harry,å¥³,æˆ‘æœ‰å›°é›£èª°èƒ½å¹«æˆ‘ä¸€ä¸‹ å“­,èª°èƒ½å¹«å¹«æˆ‘è³´as1020as..,zh-TW,"Taiwan Mobile Co., Ltd.",2019-10-14 17:34:07 +0800
4354923,harry,å¥³,jesmo,"è³´ ï¼š Wnå­å­ä¸‰
 èŠå¤©å‘€",zh-TW,"Amazon.com, Inc.",2019-10-14 15:55:42 +0800
3553047,harry,å¥³,èè,"è·³èˆ, å”±æ­Œ, é›»å½±, é€™é‚Šä¸ç¶“å¸¸ä¸Šå–œæ­¡äº¤å‹åŠ è³´å“¦ï¼škm39666
",zh-TW,Asia Pacific Telecom,2019-10-14 12:19:56 +0800
4350998,harry,å¥³,Min,é«˜ä¸‰ç”Ÿã„›èŠå¤©å¯ä»¥åŠ è³´mini1119.ï¼ˆidæœ‰é»ï¼‰,zh-TW,Data Communication Business Group,2019-10-14 15:55:21 +0800
4350654,harry,å¥³,AKAæ¾èŠ±è›‹,"é«˜ä¸‰ç”Ÿã„›è³´mini1119.ï¼ˆidå¾Œé¢æœ‰é»ã„›ï¼‰
ğŸ˜‚å¾ˆå®¹æ˜“å¥é»äººsor
",zh-TW,Data Communication Business Group,2019-10-14 15:55:18 +0800
4346480,harry,å¥³,Mi,é«˜ä¸‰ç”Ÿè³´mini1119.ï¼ˆidå¾Œé¢æœ‰é»ï¼‰ğŸ˜‚ğŸ˜‚,zh-TW,Data Communication Business Group,2019-10-14 15:55:17 +0800
4346350,harry,å¥³,é‡‘,é«˜ä¸‰ç”Ÿå¶å¦‚æœä¸èªªè©±ä½ è¦èŠå¯åŠ è³´mini1119.ï¼ˆidæœ‰é»ï¼‰,zh-TW,Data Communication Business Group,2019-10-14 15:55:16 +0800
4346278,harry,å¥³,é‡‘,æˆ‘æ²’è¬›è©±æˆ‘å®¶å¾ˆåµè¦èŠå¯ä»¥åŠ æˆ‘è³´mini1119.ï¼ˆidå¾Œé¢æœ‰é»ã„›ï¼‰,zh-TW,Data Communication Business Group,2019-10-14 15:55:14 +0800
4345178,harry,å¥³,ç´«ç†™ç±Ÿ663fu,å–œæ­¡äº¤å‹åŠ è³´6663fu,zh-TW,Data Communication Business Group,2019-10-14 12:28:04 +0800
4345136,harry,å¥³,(à¹‘â€¢Ì€á„‡â€¢Ì)Ùˆ âœ§ ,è³´mini1119.ï¼ˆidæœ‰é»ã„›ï¼‰ğŸ˜‚,zh-TW,Data Communication Business Group,2019-10-14 15:55:10 +0800
4344895,harry,å¥³,Mini,é«˜ä¸‰ç”Ÿç¾åœ¨å…ˆä¸è¬›è©±è¦èŠå¯ä»¥åŠ æˆ‘è³´mini1119.,zh-TW,Data Communication Business Group,2019-10-14 15:55:02 +0800
4344752,harry,å¥³,å¯¶,èŠå¤© é›»æ„› è³´13140989,zh-TW,"Far EastTone Telecommunication Co., Ltd.",2019-10-14 16:03:18 +0800
4344541,harry,å¥³,æ¨‚æ¨‚,"è·³èˆ, å”±æ­Œ, ç±ƒçƒ, é›»å½±, æ”å½±, åƒç¾é£Ÿ, å¯µç‰©, 
æˆ‘å–®èº« å–œæ­¡äº¤æœ‹å‹çš„å¯ä»¥åŠ è³´we628 
å¦‚æœæ²’æ¥ç›´æ¥å¯†è³´",zh-TW,Data Communication Business Group,2019-10-14 17:09:48 +0800
4343674,harry,å¥³,å¯å¯,çœŸå¿ƒäº¤å‹åŠ è³´tyå…«ä¸‰ä¸ƒ,zh-TW,Data Communication Business Group,2019-10-14 12:28:24 +0800
4343620,harry,å¥³,æš–ç”·è³´æˆ‘wkpyy,,zh-TW,Data Communication Business Group,2019-10-14 12:08:27 +0800
4343597,harry,å¥³,é‡‘é‡‘,"ğŸ˜…é«˜ä¸‰ç”Ÿæˆ‘ç¾åœ¨ä¸è¬›è©±è†©è¦èŠåŠ è³´mini1119.ï¼ˆæœ‰é»ã„›ï¼‰ğŸ˜‚éš¨ç·£
",zh-TW,Data Communication Business Group,2019-10-14 15:55:02 +0800
4342743,harry,å¥³,Mi,é«˜ä¸‰ç”ŸğŸ˜‚ç¾åœ¨ä¸è¬›è©±å•Šè¦èŠå¤©å¯ä»¥åŠ æˆ‘è³´mini1119.,zh-TW,Data Communication Business Group,2019-10-14 15:55:01 +0800
4339237,harry,å¥³,å…”å…”,æ„›ç¬‘çš„æˆ‘å–œæ­¡èŠå¤©äº¤å‹ é€™é‚Šä¸å¸¸åœ¨   åŠ è³´an558,zh-TW,Data Communication Business Group,2019-10-14 12:13:07 +0800
4336106,harry,å¥³,æ›¸æ…§,äº¤å‹åŠ è³´èŠgsh52,zh-TW,Sony Network Taiwan Limited,2019-10-14 12:16:56 +0800
4334430,harry,å¥³,èè,"è·³èˆ, å”±æ­Œ, åŠ è³´æœ‰é©šå–œå“¦ï¼škm39666",zh-TW,Asia Pacific Telecom,2019-10-14 12:19:52 +0800
4334155,harry,å¥³,èè,åŠ è³´æœ‰é©šå–œå“¦ï¼škm39666,zh-TW,GMO CLOUD K.K.,2019-10-14 12:19:54 +0800
4331839,harry,å¥³,é›¨å©·,ä¸ç¶“å¸¸åœ¨é€™å€‹è»Ÿé«”å“¦ éœ€è¦äº¤å‹ æˆ€æ„› ç´„æœƒçš„ è«‹åŠ æˆ‘çš„è³´ mm9605 è¨˜å¾—å¯†æˆ‘å“¦ ,zh-TW,Data Communication Business Group,2019-10-14 15:56:12 +0800
4330969,harry,å¥³,èè,å–®èº«äº¤å‹åŠ è³´ï¼škm39666,zh-TW,Data Communication Business Group,2019-10-14 12:19:55 +0800
4328803,harry,å¥³,é›¨è±è³´aazzp,"Line:aazzp
WhatsApp:54867825",zh-TW,Sony Network Taiwan Limited,2019-10-14 12:01:37 +0800
4328520,harry,å¥³,äº¤å‹åŠ è³´ wn883,"æ‰“çµ¦æˆ‘ lineï¼š Wnå­å­ä¸‰ 
åŠ æˆ‘è³´è¨˜å¾—è‡ªä»‹
ç…§ç‰‡ä¸€ç›´å¯©æ ¸å”‰ é›£å—",zh-TW,Asia Pacific Telecom,2019-10-14 15:55:41 +0800
4328078,harry,å¥³,ä¾ä¾,ä¸ç¶“å¸¸åœ¨é€™å€‹è»Ÿé«”éœ€è¦ç´„æœƒäº¤å‹æˆ€æ„›è«‹åŠ æˆ‘çš„è³´lwrbbt è¨˜å¾—å¯†æˆ‘å“¦,zh-TW,Data Communication Business Group,2019-10-14 12:20:22 +0800
4327992,harry,å¥³,ä¾ä¾,ä¸ç¶“å¸¸åœ¨é€™è£¡ äº¤å‹åŠ è³´èŠvx269,zh-TW,Data Communication Business Group,2019-10-14 16:06:23 +0800
4327822,harry,å¥³,æ¬£ä¸«,"èŠå¤©åŠ è³´ Wnå­å­ä¸‰
 ç…§ç‰‡ä¸€ç›´åœ¨å¯©æ ¸å”‰ è·³èˆ, å”±æ­Œ, ",zh-TW,"Amazon.com, Inc.",2019-10-14 15:55:40 +0800
4326181,harry,å¥³,é›¨è±è³´aazzp,,zh-TW,HKT Limited,2019-10-14 12:01:39 +0800
4322771,harry,å¥³,äº¤å‹åŠ è³´ dpzwo  åŠ äº†è«‹ç•™è¨€,,zh-TW,Digital United Inc.,2019-10-14 15:57:10 +0800
4322688,harry,å¥³,èŠå¤©äº¤å‹åŠ è³´ dpzwo åŠ äº†è«‹ç•™è¨€,,zh-TW,Digital United Inc.,2019-10-14 15:57:11 +0800
4322600,harry,å¥³,ç”œç”œåŠ è³´èŠå“¦  dpzwo  åŠ äº†è«‹ç•™è¨€,,zh-TW,Digital United Inc.,2019-10-14 15:57:12 +0800
4322203,harry,å¥³,å¥³ç¥,åŠ è³´twlove20 çœŸå¿ƒäº¤å‹ å–œæ­¡çœ‹é›»å½±,zh-TW,Taiwan Star Telecom Corporation Limited.(Former Vibo Telecom Inc.),2019-10-14 12:20:03 +0800
4321921,harry,å¥³,é›¨è±è³´aazzp,,zh-TW,HKT Limited,2019-10-14 12:01:40 +0800
4320179,harry,å¥³,âš¡ï¸â¤ï¸,âš¡ï¸â¤ï¸åŠ è³´gg474,zh-TW,Data Communication Business Group,2019-10-14 11:47:34 +0800
4319743,harry,å¥³,ç©å…’,é€™è£¡æ²’æœ‰ç¶“å¸¸åœ¨å“¦  å–œæ­¡äº¤å‹èŠå¤©åŠ æˆ‘è³´ dh400,zh-TW,Data Communication Business Group,2019-10-14 15:57:28 +0800
3796859,harry,å¥³,äº¤å‹åŠ è³´yt570,"ä¸ç¶“å¸¸åœ¨é€™è£¡ï¼Œäº¤å‹åŠ è³´èŠå–”
vx269",zh-TW,Data Communication Business Group,2019-10-14 16:43:57 +0800
4318813,harry,å¥³,è‘‰å­,4å¤©å‡æœŸæœ‰ä¸€èµ·å»å…¨å°èµ°é€é€çš„å—å¯ä»¥ï¼‹æˆ‘è³´ssqc20,zh-TW,DARZ GmbH,2019-10-14 17:30:17 +0800
4316938,harry,å¥³,å¤¢çª,æ²’è¾¦å¾®ä¿¡  è³´665nb,zh-TW,Data Communication Business Group,2019-10-14 11:18:03 +0800
4316907,harry,å¥³,å¤¢çª,æ²’è¾¦å¾®ä¿¡  è³´665nb,zh-TW,Data Communication Business Group,2019-10-14 11:18:04 +0800
4316849,harry,å¥³,å¤¢çª,æ²’è¾¦å¾®ä¿¡  è³´665nb,zh-TW,Data Communication Business Group,2019-10-14 11:18:05 +0800
4316348,harry,å¥³,è–‡è–‡,å–œæ­¡äº¤å‹èŠå¤©çš„åŠ æˆ‘è³´wwzdl,zh-TW,Data Communication Business Group,2019-10-14 15:57:38 +0800
4315138,harry,å¥³,äº¤å‹è¿¦ï¼›LN88L,,zh-TW,HGC Global Communications Limited,2019-10-14 12:09:47 +0800
4314435,harry,å¥³,å°ç²åŠ è³´dm988,"è·³èˆ, å”±æ­Œ, ç±ƒçƒ, é›»å½±, æ”å½±, åƒç¾é£Ÿ, æ—…éŠ, å¯µç‰©, ",zh-TW,Data Communication Business Group,2019-10-14 16:15:34 +0800
4313708,harry,å¥³,è³´ï¼š@dwj0906v,"å”±æ­Œ, æ”å½±, ",zh-TW,Hoshin Multimedia Center Inc.,2019-10-14 11:58:48 +0800
620732,harry,å¥³,è³´ï¼š@dwj0906væ€¥,"è³´ï¼š@dwj0906v
ç„¡èª å‹¿æ“¾
ç„¡åŠ›æ„Ÿç„¡åŠ©æ¥µäº†...
å‡ºå”®æœ¬äºº
æ‹œè¨—å¹«å¹«å¿™
æ‹œè¨—äº†
å”‰....
è·ªæ±‚å¥½å¿ƒäººå¹«å¹«æˆ‘
æ²’éŒ¢åƒé£¯",zh-TW,Hoshin Multimedia Center Inc.,2019-10-14 11:58:43 +0800
4313491,harry,å¥³,å©·å©·,å¾ˆé«˜èˆˆèªè­˜ä½     æƒ³ç­è§£æ›´å¤šåŠ æˆ‘è³´8888tin,zh-TW,Data Communication Business Group,2019-10-11 16:10:32 +0800
3538249,harry,å¥³,åŠ æ›‰é›¯è³´xwqwe,,zh-TW,Data Communication Business Group,2019-10-14 16:46:14 +0800
4311845,harry,å¥³,æ€æºäº¤å‹åŠ è³´sy4980,"è·³èˆ, å”±æ­Œ, é›»å½±, åƒç¾é£Ÿ, æ—…éŠ, ",zh-TW,Data Communication Business Group,2019-10-08 11:59:35 +0800
4094942,harry,å¥³,å¤¢çª,æ²’è¾¦å¾®ä¿¡  è³´665nb,zh-TW,Data Communication Business Group,2019-10-14 11:18:09 +0800
4310054,harry,å¥³,å¤¢çª,æ²’è¾¦å¾®ä¿¡  è³´665nb,zh-TW,Data Communication Business Group,2019-10-08 12:21:33 +0800
4309542,harry,å¥³,æ›‰å€©,å–œæ­¡æˆ‘çš„ç”·ç”Ÿå¯ä»¥åŠ æˆ‘è³´å“¦  wttkk  è¨˜å¾—ç™¼è¨Šæ¯çµ¦æˆ‘å“¦,zh-TW,Data Communication Business Group,2019-10-08 16:01:44 +0800
4307300,harry,å¥³,äº¤å‹è¿¦è³´ï¼›LNâ‘§â‘§L,,zh-TW,Data Communication Business Group,2019-10-08 11:59:36 +0800
4307133,harry,å¥³,è³´ï¼šzml89,,zh-TW,Data Communication Business Group,2019-10-08 11:59:38 +0800
4305900,harry,å¥³,å¤¢çª,æ²’è¾¦å¾®ä¿¡   è³´xwqwe,zh-TW,Data Communication Business Group,2019-10-07 18:07:58 +0800
4305667,harry,å¥³,çœŸå¿ƒå°‹æ‰¾ç”·æœ‹å‹è³´kp861,,zh-TW,HKT Limited,2019-10-11 14:44:14 +0800
3570265,harry,å¥³,èªè²è²,,zh-TW,Data Communication Business Group,2019-10-14 20:12:44 +0800
4301603,harry,å¥³,å¤¢çª,æ²’è¾¦å¾®ä¿¡ è³´665nb,zh-TW,Data Communication Business Group,2019-10-07 18:07:59 +0800
4301571,harry,å¥³,å¤¢çª,æ²’è¾¦å¾®ä¿¡ï¼Œè³´665nb,zh-TW,Data Communication Business Group,2019-10-07 18:08:01 +0800
4299042,harry,å¥³,å¤¢çª,æ²’è¾¦å¾®ä¿¡  è³´665nb,zh-TW,Data Communication Business Group,2019-10-07 18:08:11 +0800
4299470,harry,å¥³,å¤¢çª,æ²’è¾¦å¾®ä¿¡ è³´665nb,zh-TW,Data Communication Business Group,2019-10-07 18:08:08 +0800
4299025,harry,å¥³,å¤¢çª,æ²’è¾¦å¾®ä¿¡  è³´665nb,zh-TW,Data Communication Business Group,2019-10-07 18:08:13 +0800
4299986,harry,å¥³,æ„›ä½ çš„å¥³å­©,"ä¸€å€‹äººå¥½ç„¡èŠ å‰›ä¸‹è¼‰é€™å€‹è»Ÿé«”
ä¸çŸ¥é“é€™é‚Šéƒ½ç”¨wc
å¯ä»¥åŠ æˆ‘è³´ xyksn",zh-TW,Data Communication Business Group,2019-10-07 18:08:04 +0800
4299813,harry,å¥³,è³´xp0788,,zh-TW,"No.31,Jin-rong Street",2019-10-07 17:41:14 +0800
4297885,harry,å¥³,å…”å…”,æ„›ç¬‘çš„æˆ‘å–œæ­¡äº¤å‹ åŠ è³´an558,zh-TW,Data Communication Business Group,2019-10-07 18:29:07 +0800
4297512,harry,å¥³,æ€æº,å–œæ­¡æˆ‘åŠ æˆ‘è³´å“¦ sy4980,zh-TW,Data Communication Business Group,2019-10-14 16:16:32 +0800
4297210,harry,å¥³,å­æ¶µ,æ²’è¾¦å¾®ä¿¡ï¼Œäº¤å‹åŠ è³´ke733,zh-TW,Data Communication Business Group,2019-10-07 18:13:16 +0800
4291713,harry,å¥³,æ—æœµ ,é€™è£¡æˆ‘ç¶“å¸¸ä¸åœ¨ç·šå“¦ ä½ å¯ä»¥åŠ æˆ‘è³´å“¦ fc662,zh-TW,Data Communication Business Group,2019-10-14 12:08:18 +0800
4291092,harry,å¥³,è³´kp861,"è·³èˆ, å”±æ­Œ, åƒç¾é£Ÿ, æ—…éŠ, çœ‹æ›¸, äº¤å‹",zh-TW,Data Communication Business Group,2019-10-07 17:41:16 +0800
4290310,harry,å¥³,æ—ç­±èœœ,å–œæ­¡äº¤å‹åŠ æˆ‘è³´xiaomi654,zh-TW,OVH SAS,2019-10-07 18:08:23 +0800
4289783,harry,å¥³,æ—ç­±èœœ,å–œæ­¡äº¤å‹åŠ æˆ‘è³´xiaomi654,zh-TW,OVH SAS,2019-10-07 18:08:27 +0800
4289700,harry,å¥³,å˜µå˜µåŠ è³´kxab,ä¸ç¶“å¸¸ç©é€™å€‹ å–œæ­¡èŠå¤©çš„è¨˜å¾—åŠ æˆ‘è³´å“¦kxab è¨˜å¾—å¯†æˆ‘å“¦,zh-TW,Data Communication Business Group,2019-10-07 17:41:17 +0800
4289639,harry,å¥³,è·¯é™è³´mvfw,,zh-TW,Digital United Inc.,2019-10-07 17:41:20 +0800
4289572,harry,å¥³,å˜µå˜µåŠ è³´kxab,,zh-TW,Data Communication Business Group,2019-10-07 17:41:25 +0800
4289274,harry,å¥³,å©·å©· å¯åŠ è³´å“¦ qw157,"é›»å½±, è·³èˆ, åƒç¾é£Ÿ, æ—…éŠ, ",zh-TW,Data Communication Business Group,2019-10-07 17:41:27 +0800
4289219,harry,å¥³,å©·å©· åŠ æˆ‘è³´qw157,,zh-TW,Data Communication Business Group,2019-10-07 17:41:30 +0800
4285851,harry,å¥³,å¤¢çª,"è½éŸ³æ¨‚, è·³èˆ,  æ²’è¾¦å¾®ä¿¡  è³´665nb",zh-TW,Data Communication Business Group,2019-10-07 18:08:34 +0800
4285658,harry,å¥³,å¤¢çª,"è·³èˆ, è½éŸ³æ¨‚, æ²’è¾¦å¾®ä¿¡ è³´665nb",zh-TW,Data Communication Business Group,2019-10-07 18:08:41 +0800
4285199,harry,å¥³,å¤¢çª,"è·³èˆ, è½éŸ³æ¨‚,  æ²’è¾¦å¾®ä¿¡  è³´665nb",zh-TW,Data Communication Business Group,2019-10-07 18:08:46 +0800
4285464,harry,å¥³,å¤¢çª,"é›»å½±, è½éŸ³æ¨‚, æ²’è¾¦å¾®ä¿¡ è³´665nb",zh-TW,National Central University,2019-10-07 18:08:44 +0800
4285399,harry,å¥³,å¤¢çª,æ²’è¾¦å¾®ä¿¡  è³´665nb,zh-TW,Data Communication Business Group,2019-10-07 18:08:49 +0800
4285301,harry,å¥³,ty837,"å–®èº«å­¸ç”ŸçœŸå¿ƒäº¤å‹åŠ åå­—è³´èŠï¼Œè·³èˆ, å”±æ­Œ, ç±ƒçƒ, é›»å½±, æ”å½±, åƒç¾é£Ÿ, ",zh-TW,Data Communication Business Group,2019-10-07 18:09:12 +0800
4285135,harry,å¥³,Lwr9966,"çœŸå¿ƒäº¤å‹åŠ åå­—è³´æˆ‘ï¼Œè·³èˆ, å”±æ­Œ, é›»å½±, åƒç¾é£Ÿ, æ—…éŠ, è½éŸ³æ¨‚, ",zh-TW,CHINA UNICOM China169 Backbone,2019-10-07 18:08:58 +0800
4284749,harry,å¥³,å®‰é›…,"å–œæ­¡èŠå¤©äº¤å‹åŠ è³´xan112
è·³èˆ, å”±æ­Œ, è½éŸ³æ¨‚, ",zh-TW,Data Communication Business Group,2019-10-07 18:08:55 +0800
4283869,harry,å¥³,æ²«æ²«GGä¸€ä¸ƒä¹å…­,åå­—ä¸Šæœ‰è³´è¨˜å¾—â•å“¦,zh-TW,HKT Limited,2019-10-07 18:10:10 +0800
4282984,harry,å¥³,è³´  qianqian111,ä½ ä¸ä¸»å‹•æˆ‘å€‘æ°¸é æ²’æ•…äº‹ï¼Œçµ¦æˆ‘å€‹æ©Ÿæœƒè®“æˆ‘é è¿‘ä½ æº«æš–ä½  åšå½¼æ­¤çš„å¤©ä½¿ï¼Œline qianqian111å“¦,zh-TW,Data Communication Business Group,2019-10-07 17:41:32 +0800
4282775,harry,å¥³,è³´  qianqian111,ä½ ä¸ä¸»å‹•æˆ‘å€‘æ°¸é æ²’æ•…äº‹ï¼Œçµ¦æˆ‘å€‹æ©Ÿæœƒè®“æˆ‘é è¿‘ä½ æº«æš–ä½  åšå½¼æ­¤çš„å¤©ä½¿ï¼Œline qianqian111å“¦,zh-TW,Data Communication Business Group,2019-10-07 17:41:35 +0800
4282707,harry,å¥³,æ›‰ä½³,æˆ‘æ˜¯ä¸€å€‹æ„›ç¬‘çš„å¥³å­© ç›®å‰å–®èº« å–œæ­¡äº¤å‹èŠå¤©åŠ æˆ‘è³´hxj97,zh-TW,Data Communication Business Group,2019-10-07 18:10:13 +0800
4282450,harry,å¥³,å®‰è‹’ è³´zt128,,zh-TW,Data Communication Business Group,2019-10-07 17:41:39 +0800
4282437,harry,å¥³,åŠ è³´ï¼ˆjuan518ï¼‰è³´èŠä¼‘é–’å°æ£§,"è·³èˆ, å”±æ­Œ, é›»å½±, åƒç¾é£Ÿ, æ—…éŠ, è½éŸ³æ¨‚, é€›è¡—, ",zh-TW,Data Communication Business Group,2019-10-07 17:42:37 +0800
4278222,harry,å¥³,å¤¢çª,æ²’æœ‰è¾¦å¾®ä¿¡  è³´qq870219,zh-TW,Data Communication Business Group,2019-10-07 16:23:49 +0800
4278131,harry,å¥³,å¤¢çª,æ²’è¾¦å¾®ä¿¡  è³´qq870219,zh-TW,Data Communication Business Group,2019-10-07 16:23:53 +0800
4113749,harry,å¥³,å¤¢çª,æ²’è¾¦å¾®ä¿¡  è³´qq870219,zh-TW,Data Communication Business Group,2019-10-07 16:24:01 +0800
4278009,harry,å¥³,å¤¢çª,æ²’è¾¦å¾®ä¿¡  è³´qq870219,zh-TW,Data Communication Business Group,2019-10-07 16:23:55 +0800
4276530,harry,å¥³,ğ“‘ğ“ªğ“² . ğ“¯ğŸ§¸,"åŠ è³´èŠæ¯”è¼ƒå¿«ğŸ˜‚b.ai_25
",zh-TW,"Taiwan Mobile Co., Ltd.",2019-10-07 18:10:17 +0800
4275266,harry,å¥³,é™³ç®çŠ,"åŠ è³´zxc09070925
",zh-TW,"Far EastTone Telecommunication Co., Ltd.",2019-10-07 18:10:20 +0800
4274124,harry,å¥³,mstk8888,æœ¬äººå–®èº«è‡ºåŒ—äººï¼Œæ‰¾è‡ºåŒ—é™„è¿‘çš„å–®èº«ç”·ç”Ÿã€‚è³´mstk521,zh-TW,"Amazon.com, Inc.",2019-10-09 10:47:08 +0800
4273644,harry,å¥³,æ¬£æ€¡åŠ è³´vf8988,,zh-TW,Data Communication Business Group,2019-10-07 17:42:40 +0800
4273499,harry,å¥³,é›¨è±è³´aazzp,,zh-TW,Data Communication Business Group,2019-10-08 11:59:44 +0800
4272917,harry,å¥³,æ€æ€åŠ è³´mq158,,zh-TW,Data Communication Business Group,2019-10-07 17:45:34 +0800
4270954,harry,å¥³,é¦™æ€¡,æ²’è¾¦å¾®ä¿¡ è³´665nb,zh-TW,Data Communication Business Group,2019-10-07 18:12:38 +0800
4270815,harry,å¥³,é¦™æ€¡,æ²’è¾¦å¾®ä¿¡ è³´665nb,zh-TW,Data Communication Business Group,2019-10-07 18:12:42 +0800
4270686,harry,å¥³,é¦™æ€¡,æ²’è¾¦å¾®ä¿¡ è³´665nb,zh-TW,Data Communication Business Group,2019-10-07 18:12:45 +0800
3876761,harry,å¥³,è³´xd9998,æ‹è¬ å‰›ä¸‹è¼‰ ä¸æ‡‚æ€éº¼ç”¨ å¯ä»¥åŠ æˆ‘è³´xd9998,zh-TW,Microsoft Corporation,2019-10-07 18:05:38 +0800
4041526,harry,å¥³,å–®èº«äº¤å‹èŠå¤©åŠ è³´xy850,,zh-TW,"Amazon.com, Inc.",2019-10-07 18:05:18 +0800
4262628,harry,å¥³,å°éº—,"è·³èˆ, é›»å½±, æ—…éŠ, äº¤å‹åŠ è³´kyd520",zh-TW,HK Kwaifong Group Limited,2019-10-17 11:36:40 +0800
4261418,harry,å¥³,äº¤å‹åŠ è³´xx897,,zh-TW,Data Communication Business Group,2019-10-07 17:45:57 +0800
4259302,harry,å¥³,å­æ¶µ,æ²’æœ‰è¾¦å¾®ä¿¡ï¼Œäº¤å‹åŠ è³´ke733,zh-TW,Data Communication Business Group,2019-10-07 18:13:17 +0800
4257925,harry,å¥³,Natte,è³´èŠï¼ˆx/t/m/yï¼‰æˆ‘æœ‰æ•…äº‹ä½ æœ‰æ™‚é–“å—,zh-TW,Data Communication Business Group,2019-10-14 11:55:59 +0800
4257538,harry,å¥³,Whistaket,å–®èº«è³´èŠï¼ˆx/p/m/yï¼‰,zh-TW,Data Communication Business Group,2019-10-14 11:58:08 +0800
4253869,harry,å¥³,Sannater,èŠå¤©â•è³´å–”ï¼ˆx/p/m/yï¼‰,zh-TW,Data Communication Business Group,2019-10-14 11:58:09 +0800
4252660,harry,å¥³,Goom,èŠå¤©è³´å–”ï¼ˆx/t/m/yï¼‰ä¸â•æˆ‘æœƒç”Ÿæ°£å–”,zh-TW,Data Communication Business Group,2019-10-14 11:56:00 +0800
4252419,harry,å¥³,æ¸´æœ›æˆ€æ„›,å–œæ­¡æˆ‘çš„ç”·ç”Ÿå¯ä»¥åŠ æˆ‘è³´èŠå“¦ dh400 è¨˜å¾—ç™¼è¨Šæ¯çµ¦æˆ‘å“¦,zh-TW,Data Communication Business Group,2019-10-14 15:57:29 +0800
4251403,harry,å¥³,Forits,èŠå¤©åŠ è³´ï¼ˆx/y/t/p/ï¼‰ä¸€å€‹äººç¡ä¸è‘—,zh-TW,Data Communication Business Group,2019-10-14 11:57:49 +0800
4248542,harry,å¥³,è³´aazzp,,zh-TW,Data Communication Business Group,2019-10-08 11:59:52 +0800
4248429,harry,å¥³,è³´aazzp,,zh-TW,HKT Limited,2019-10-08 11:59:53 +0800
4244251,harry,å¥³,èª°èƒ½å€Ÿæˆ‘500å…ƒåƒé£¯,è³´as1020as..,zh-TW,"Taiwan Mobile Co., Ltd.",2019-10-14 16:18:19 +0800
3476762,harry,å¥³,å¯æ†å¥³å­©æ²’äººæ„›,è³´as1020as..,zh-TW,"Taiwan Mobile Co., Ltd.",2019-10-14 17:34:03 +0800
4243055,harry,å¥³,æš–ç”·è³´æˆ‘wkpyy,"è·³èˆ, å”±æ­Œ, é›»å½±, æ”å½±, åƒç¾é£Ÿ, æ—…éŠ, ",zh-TW,Data Communication Business Group,2019-10-08 12:00:00 +0800
3505706,harry,å¥³,Alva,"ğŸŒšã„¨ã„‡ã„’ã„é¡†é¡†
17æ­²éŒ¯äº†ã„‡",zh-TW,Data Communication Business Group,2019-10-14 16:47:22 +0800
2637505,harry,å¥³,CYC,"",zh-TW,"Far EastTone Telecommunication Co., Ltd.",2019-10-14 17:38:32 +0800
4238875,harry,å¥³,å¯¶å¯¶,"èŠå¤© æ›ç¡ å£
è³´13140989",zh-TW,"Far EastTone Telecommunication Co., Ltd.",2019-10-14 16:18:48 +0800
4238705,harry,å¥³,æœµå…’,å—¨ æˆ‘æ˜¯ä¾†äº¤å‹è³´ ww123k,zh-TW,Data Communication Business Group,2019-10-07 18:29:25 +0800
4233221,harry,å¥³,è–‡è–‡,æ‰¾ç”·å‹ å–œæ­¡äº¤å‹èŠå¤©çš„åŠ è³´wwzdl,zh-TW,Data Communication Business Group,2019-10-08 08:34:46 +0800
4226296,harry,å¥³,æ€çªè³´yesww,"è·³èˆ, å”±æ­Œ, åƒç¾é£Ÿ, é›»å½±, å¯µç‰©, æ—…éŠ, é€›è¡—, é–‹å¿ƒå¿«æ¨‚æ¯ä¸€å¤© å–®èº«èŠå¤©åŠ æˆ‘è³´ yescc  è³´ç­‰ä½ å™¢
",zh-TW,Asia Pacific Telecom,2019-10-13 23:34:32 +0800
4097839,harry,å¥³,"æŸty837è² 
",å¥³  22æ­²  äº¤å‹åŠ è³´ty837,zh-TW,Data Communication Business Group,2019-10-07 18:32:28 +0800
4225029,harry,å¥³,äº¤å‹èŠå¤©åŠ è³´ï¼ˆjuan518ï¼‰è³´æˆ‘å“¦,"è·³èˆ, å”±æ­Œ, é›»å½±, åƒç¾é£Ÿ, æ—…éŠ, è½éŸ³æ¨‚, é€›è¡—, ",zh-TW,Data Communication Business Group,2019-10-07 17:46:29 +0800
4222436,harry,å¥³,æ€çªè³´xxwer,å¯ä»¥åŠ æˆ‘è³´xxweræ‰¾æˆ‘èŠå“¦ é€™è£¡ä¸å¸¸ç”¨ åŠ äº†è¨˜å¾—æ‰“æ‹›å‘¼,zh-TW,Data Communication Business Group,2019-10-07 17:49:18 +0800
1112056,harry,å¥³,è³´ella5260,,zh-TW,Hoshin Multimedia Center Inc.,2019-10-07 18:06:56 +0800
4219674,harry,å¥³,Alva,"æˆ‘åªæœ‰å¤§C æƒ³çœ‹ã„‡ç§æˆ‘å•Š
penny2507ä¸æ˜¯è³´ã„›ğŸ˜",zh-TW,Data Communication Business Group,2019-10-14 17:36:19 +0800
4219148,harry,å¥³,é›»â¤ï¸å˜›,é›»æ„›å¯ä»¥åŠ è³´ è³´IDï¼šgg474,zh-TW,Data Communication Business Group,2019-10-07 18:15:42 +0800
4217804,harry,å¥³,åŠ æˆ‘ç€¨èŠ wwå…«é›¶å…«,å–œæ­¡èŠå¤©æƒ³èªè­˜åŠ æˆ‘ç€¨èŠå–”ww808  é€™é‚Šå¾ˆå°‘ç©ã€‚ åŠ å®Œè¨˜å¾—è³´æˆ‘å–”ğŸ˜ŠğŸ˜ŠğŸ˜Š,zh-TW,Data Communication Business Group,2019-10-07 18:16:02 +0800
4217529,harry,å¥³,è–‡è–‡,æ‰¾ç”·ç”Ÿ å–œæ­¡äº¤å‹èŠå¤©çš„åŠ è³´å”· wwzdl,zh-TW,Data Communication Business Group,2019-10-07 18:16:15 +0800
4212834,harry,å¥³,å¥³æœ‹å‹,"èŠå¤© æ›ç¡
é›»æ„›
è³´ 13140989
",zh-TW,"Far EastTone Telecommunication Co., Ltd.",2019-10-07 18:16:31 +0800
4212483,harry,å¥³,æœµå…’äº¤å‹è³´ww123k,,zh-TW,Data Communication Business Group,2019-10-07 17:46:45 +0800
4059560,harry,å¥³,äº¤å‹å¯ç´„åŠ è³´vv888k,,zh-TW,"Taiwan Fixed Network, Telco and Network Service Provider.",2019-10-07 18:02:18 +0800
4210057,harry,å¥³,æ€æº,"æ”å½±, å”±æ­Œ, æ—…éŠ, é€›è¡—, çœ‹å½±é›†, è½éŸ³æ¨‚, 
æ²’æœ‰è¾¦wc å¯ä»¥è¯ç¹«æˆ‘çš„è³´å–” hx193",zh-TW,Data Communication Business Group,2019-10-07 18:16:27 +0800
4205839,harry,å¥³,å­æ¶µ,æ²’æœ‰è¾¦å¾®ä¿¡ï¼Œè³´ke733,zh-TW,Data Communication Business Group,2019-10-07 18:13:18 +0800
4205830,harry,å¥³,ä¾å¨œäº¤å‹è³´ti2938,,zh-TW,Data Communication Business Group,2019-10-07 17:46:48 +0800
4205628,harry,å¥³,miki,åŠ è³´èŠå¤©å§ WNå­å­ä¸‰,zh-TW,Asia Pacific Telecom,2019-10-14 15:55:39 +0800
4203808,harry,å¥³,æ›‰é›¯,æ²’å¾®ä¿¡ï¼Œè³´xwqwe,zh-TW,Data Communication Business Group,2019-10-07 18:16:58 +0800
3700285,harry,å¥³,ä¾å¨œäº¤å‹è³´ti2938,,zh-TW,Data Communication Business Group,2019-10-07 18:06:00 +0800
4091613,harry,å¥³,åŠ æˆ‘è³´èŠï¼šmmå…«é›¶å…«,æƒ³èªè­˜å°±åŠ æˆ‘å–”  ä»€éº¼éƒ½èƒ½èŠğŸ˜¬,zh-TW,Data Communication Business Group,2019-10-07 18:01:52 +0800
4141320,harry,å¥³,å–®èº«å­¸ç”Ÿäº¤å‹çœ‹è‡ªä»‹,å¤§å››å–®èº«å­¸ç”Ÿäº¤å‹åŠ è³´rs937,zh-TW,Data Communication Business Group,2019-10-07 18:19:20 +0800
4203236,harry,å¥³,å–®èº«äº¤å‹åŠ è³´xy850,,zh-TW,"Amazon.com, Inc.",2019-10-07 17:46:58 +0800
4201454,harry,å¥³,Dably,èŠå¤©è³´æˆ‘å”·ï¼ˆx/t/m/yï¼‰æœ‰åŠ‡æƒ…æè¿°å–”,zh-TW,Data Communication Business Group,2019-10-14 11:56:01 +0800
4201137,harry,å¥³,Witheored,èŠå¤©è³´å”·ï¼ˆx/p/m/yï¼‰æœ‰åˆºæ¿€,zh-TW,Data Communication Business Group,2019-10-14 11:58:11 +0800
4200904,harry,å¥³,åŠ è³´bmw975,,zh-TW,"Far EastTone Telecommunication Co., Ltd.",2019-10-14 16:25:37 +0800
4200820,harry,å¥³,è³´uc622,,en,Taiwan Academic Network (TANet) Information Center,2019-10-07 17:49:33 +0800
4199171,harry,å¥³,è±è±,å–œæ­¡æˆ‘çš„å¯ä»¥åŠ è³´bm527  æƒ³æ‰¾å€‹å›ºå®šä¼´ï¼Œä¹Ÿå¯ä»¥èŠå¤©äº¤å‹ ,zh-TW,Data Communication Business Group,2019-10-07 18:29:55 +0800
4198235,harry,å¥³,å­æ¶µ,æ²’æœ‰è¾¦å¾®ä¿¡ï¼Œè³´ke733,zh-TW,Data Communication Business Group,2019-10-07 18:13:19 +0800
4196984,harry,å¥³,è³´èŠxixi580,,zh-TW,"Linode, LLC",2019-10-08 16:24:20 +0800
4196273,harry,å¥³,Sonevol,è³´èŠå”·ï¼ˆx/p/m/yï¼‰å¹³å‡¡çš„æˆ‘åœ¨ç­‰å¦³å–”,zh-TW,Data Communication Business Group,2019-10-14 11:58:12 +0800
4195974,harry,å¥³,Prity,èŠä¸€èŠå¤©è³´å–”ï¼ˆx/t/m/yï¼‰,zh-TW,Data Communication Business Group,2019-10-14 11:56:02 +0800
4195589,harry,å¥³,Wilsock,èŠå¤©åŠ è³´å“¦ï¼ˆx/p/m/yï¼‰,zh-TW,Data Communication Business Group,2019-10-14 11:58:13 +0800
4195423,harry,å¥³,è³´x/t/m/y å¯†æˆ‘,,zh-TW,Data Communication Business Group,2019-10-14 11:55:53 +0800
4195037,harry,å¥³,Mangst,å“ˆå›‰èŠå¤©åŠ è³´ï¼ˆx/p/m/yï¼‰,zh-TW,Data Communication Business Group,2019-10-14 11:58:15 +0800
4194626,harry,å¥³,Hasse,é€™è£¡ä¸å¸¸ç”¨åŠ è³´ã€Œx/t/x/yã€,zh-TW,Data Communication Business Group,2019-10-14 11:58:27 +0800
4192800,harry,å¥³,å°é›…,æ²’æœ‰è¾¦å¾®ä¿¡ï¼Œåªæœ‰è³´ï¼š766re,zh-TW,Data Communication Business Group,2019-10-14 16:26:14 +0800
4190862,harry,å¥³,åŠ è³´ç´„æœƒ766re,,zh-TW,Data Communication Business Group,2019-10-07 17:47:20 +0800
4190776,harry,å¥³,è³´766re,,zh-TW,Data Communication Business Group,2019-10-07 17:47:31 +0800
4190284,harry,å¥³,åŠ è³´ç´„766re,,zh-TW,Data Communication Business Group,2019-10-07 17:47:35 +0800
4189941,harry,å¥³,åŠ è³´ç´„æœƒ766re,,zh-TW,Data Communication Business Group,2019-10-07 17:47:45 +0800
4188508,harry,å¥³,Rompubse,èŠè³´å”·ï¼ˆx/t/m/yï¼‰,zh-TW,Data Communication Business Group,2019-10-14 11:56:04 +0800
4133386,harry,å¥³,åŠ è³´xxwerèŠ,Lineï¼šxxwer åŠ äº†è¨˜å¾—æ‰“æ‹›å‘¼å“¦,zh-TW,Data Communication Business Group,2019-10-07 18:01:40 +0800
2300372,harry,å¥³,å®…ç¥,å…è¨±ä½ åŠ æˆ‘è³´ssqc20,zh-TW,Data Communication Business Group,2019-10-14 17:30:19 +0800
3868958,harry,å¥³,å¯†æˆ‘è³´ï¼ˆMYXP),çœ‹é ­è²¼å¯†æˆ‘è³´äº¤å‹ï¼ˆMYXPï¼‰,zh-TW,Data Communication Business Group,2019-10-07 18:05:42 +0800
4185004,harry,å¥³,æ›‰é›¯,æ²’å¾®ä¿¡ï¼Œè³´xwqwe,zh-TW,Sony Network Taiwan Limited,2019-10-07 18:17:07 +0800
4184350,harry,å¥³,æ¨‚lwr9966,çœŸå¿ƒäº¤å‹åå­—è³´,zh-TW,Data Communication Business Group,2019-10-07 18:17:20 +0800
4138456,harry,å¥³,å©·å…’,æˆ‘å€‘èƒ½ç›¸é‡å°±æ˜¯ç·£åˆ†   å–œæ­¡æˆ‘çš„å¯ä»¥åŠ è³´èŠ8888tin,zh-TW,Data Communication Business Group,2019-10-07 18:20:00 +0800
4183989,harry,å¥³,å­æ¶µ,æ²’è¾¦å¾®ä¿¡ï¼Œè³´ke733,zh-TW,Data Communication Business Group,2019-10-07 18:13:20 +0800
4183443,harry,å¥³,Angthe,äº¤å‹é‚€è«‹è³´æˆ‘å”·ã€Œx/y/t/pã€,zh-TW,Data Communication Business Group,2019-10-14 11:57:54 +0800
4182640,harry,å¥³,Rource,è³´èŠå“¦ã€Œx/t/m/yã€,zh-TW,Data Communication Business Group,2019-10-14 11:56:06 +0800
4182093,harry,å¥³,é›…é›…,å–œæ­¡æˆ‘å¯ä»¥åŠ è³´èŠå–”dk266 é€™å€‹ä¸å¸¸ç”¨,zh-TW,Data Communication Business Group,2019-10-07 18:15:16 +0800
4181817,harry,å¥³,Teforning,è³´æˆ‘å”·ã€Œm/y/x/pã€,zh-TW,Data Communication Business Group,2019-10-14 11:57:24 +0800
4181500,harry,å¥³,hiäº¤å‹åŠ è³´å–” QIANQIAN111,ä½ ä¸ä¸»å‹•æˆ‘å€‘æ°¸é æ²’æ•…äº‹ï¼Œçµ¦æˆ‘å€‹æ©Ÿæœƒè®“æˆ‘é è¿‘ä½ æº«æš–ä½  åšå½¼æ­¤çš„å¤©ä½¿ï¼Œline qianqian111å“¦,zh-TW,Data Communication Business Group,2019-10-07 17:48:41 +0800
4181486,harry,å¥³,åšä½ çš„è²“,èŠå¤©äº¤æœ‹å‹ å¯†æˆ‘è³´ yx246,zh-TW,EFLY NETWORK LIMITED,2019-10-07 18:14:12 +0800
4181083,harry,å¥³,å­æ¶µ,æ²’æœ‰è¾¦å¾®ä¿¡ï¼Œè³´zh9801,zh-TW,Data Communication Business Group,2019-10-07 18:13:21 +0800
4180673,harry,å¥³,å½±å­,"æˆ‘æ˜¯å‘½ç†å¸«ï¼Œä¸Šä¾†äº¤äº¤æœ‹å‹<å¡”ç¾…å‘½ç›¤ã€æ¡ƒèŠ±å§»ç·£ã€æ‹›æ­£åè²¡ã€éˆé€šå•äº‹ã€æ„Ÿæƒ…æŒ½å›ã€æ³°åœ‹ä½›ç‰Œè«‹ä¾›>å¯ä»¥å…è²»è«®è©¢å“¦ï¼
+ è³´ y i n g _ 6 9 7 7",zh-TW,"Far EastTone Telecommunication Co., Ltd.",2019-10-07 18:17:36 +0800
4179575,harry,å¥³,å¦ƒå¦ƒ,æˆ‘æ˜¯å¦ƒå¦ƒ å¾ˆé«˜èˆˆèªè­˜ä½ å€‘å”· å–œæ­¡æˆ‘å¯ä»¥åŠ æˆ‘è³´hx193,zh-TW,Data Communication Business Group,2019-10-14 11:54:21 +0800
4101574,harry,å¥³,çªçª,æˆ‘æ²’å¾®ä¿¡ è³´qq870219,zh-TW,Data Communication Business Group,2019-10-07 16:24:03 +0800
4177101,harry,å¥³,è©©å¤¢, æœ€è¿‘éƒ½å¾ˆç„¡èŠå‘¢ æƒ³åœ¨é€™æ‰¾åˆ°ä¸€å€‹çŸ¥å¿ƒæœ‹å‹ é¡˜æ„çš„è©± åŠ æˆ‘çš„whatsapp 63763465æˆ– è³´ jq8686,zh-TW,Microsoft Corporation,2019-10-07 18:18:03 +0800
4138342,harry,å¥³,å©·å©·,å¾ˆé«˜èˆˆèªè­˜ä½ å€‘    åŠ æˆ‘è³´èŠ8888tin  ç­è§£æ›´å¤š,zh-TW,Data Communication Business Group,2019-10-07 18:20:06 +0800
4064370,harry,å¥³,çªçª,æˆ‘æ²’æœ‰å¾®ä¿¡å‘¢  è³´qq870219,zh-TW,Data Communication Business Group,2019-10-07 16:24:06 +0800
4176388,harry,å¥³,å­æ¶µ,æ²’è¾¦å¾®ä¿¡ï¼Œè³´zh9801,zh-TW,"Linode, LLC",2019-10-07 18:13:35 +0800
4176303,harry,å¥³,ç´«ç†™ è³´663fu,,zh-TW,Data Communication Business Group,2019-10-07 17:48:57 +0800
4175978,harry,å¥³,æ„›ç¡è¦ºçš„å°å°‘å¥³,"æ²’æœ‰è¾¦wc åªç©è³´766re
è·³èˆ, å”±æ­Œ, é›»å½±, æ—…éŠ, è½éŸ³æ¨‚, çœ‹æ›¸, é€›è¡—, ",zh-TW,Data Communication Business Group,2019-10-14 17:38:28 +0800
4175975,harry,å¥³,å­æ¶µ,æ²’æœ‰è¾¦å¾®ä¿¡ï¼Œè³´zh9801,zh-TW,Data Communication Business Group,2019-10-07 18:13:38 +0800
623401,harry,å¥³,è³´ï¼š@dwj0906v,"Line:@dwj0906v
ä¸èƒ½å¹«å¿™æˆ–æ˜¯ä¸ä¿¡çš„éº»ç…©ä¸è¦åŠ æˆ‘
å¦‚æœä½ ç›¸ä¿¡æˆ‘ å†ä¾†å¯†æˆ‘....æˆ‘ç­‰ä½ ",zh-TW,Hoshin Multimedia Center Inc.,2019-10-08 16:07:36 +0800
4175595,harry,å¥³,Amberâ¤ï¸,"",en,"Taiwan Mobile Co., Ltd.",2019-10-07 18:18:09 +0800
4172870,harry,å¥³,å­æ¶µ,æ²’è¾¦å¾®ä¿¡ï¼Œè³´zh9801,zh-TW,Data Communication Business Group,2019-10-07 18:13:40 +0800
4086673,harry,å¥³,å¯å¯,äº¤å‹åŠ è³´ty837,zh-TW,"No.31,Jin-rong Street",2019-10-07 18:21:54 +0800
4172808,harry,å¥³,å°æ¶µç€¨hljkl,,zh-TW,Data Communication Business Group,2019-10-08 11:58:07 +0800
4169746,harry,å¥³,çªçª,æ²’WeChatï¼Œè³´qq870219,zh-TW,Data Communication Business Group,2019-10-07 16:23:58 +0800
4169008,harry,å¥³,æ›‰é›¯,æ²’è¾¦å¾®ä¿¡ï¼Œè³´xwqwe,zh-TW,Data Communication Business Group,2019-10-14 16:28:20 +0800
4168960,harry,å¥³,è³´yy09336,"è·³èˆ, å”±æ­Œ, æ”å½±, æ—…éŠ, ",zh-TW,Data Communication Business Group,2019-10-07 17:49:06 +0800
3582042,harry,å¥³,å­æ¶µ,æ²’è¾¦å¾®ä¿¡ï¼Œè³´zh9801,zh-TW,Data Communication Business Group,2019-10-07 18:13:46 +0800
3698026,harry,å¥³,è©©çª,"å—¨ é€™é‚Šä¸èŠ äº¤å‹ç›´æ¥è³´sq808
",zh-TW,"Amazon.com, Inc.",2019-10-07 18:36:08 +0800
4164630,harry,å¥³,é¦¨æ‡¿è³´yd8989,"è·³èˆ, å”±æ­Œ, é›»å½±, åƒç¾é£Ÿ, æ—…éŠ, çœ‹å½±é›†, æ‰“éº»å°‡, é€›è¡—, ",zh-TW,Data Communication Business Group,2019-10-07 17:49:11 +0800
4141478,harry,å¥³,é›¨å©·äº¤å‹è³´mm9605,å—¨   æ„Ÿè¦ºä¸éŒ¯å¯ä»¥èªè­˜ä¸€ä¸‹å‘€  æˆ‘å«é›¨å©·   è³´mm9605,zh-TW,Data Communication Business Group,2019-10-07 18:01:29 +0800
4163947,harry,å¥³,å“ˆå˜äº¤å‹åŠ è³´å–”  QIANQIAN111,"é™½å…‰è¦†æ»¿é€™ä¸€åˆ»å¯§éœçš„æˆ‘,éš”çµ•äº†å–§å™¨å’Œå†·æ¼ ,èª°èƒ½è½è¦‹èª°çš„å¯‚å¯,æ‰¾ä¸€å€‹äººæƒºæƒºç›¸æƒœ,æ‰¾ä¸€é¡†å¿ƒå¿ƒå¿ƒç›¸å°...LENE  QIANQIAN111",zh-TW,Data Communication Business Group,2019-10-07 17:47:58 +0800
4163830,harry,å¥³,çœŸèª äº¤å‹èŠå¤©åŠ è³´ï¼ˆjuan518ï¼‰ç´«éµ‘ ,"è·³èˆ, å”±æ­Œ, é›»å½±, åƒç¾é£Ÿ, æ—…éŠ, æ—…éŠ, è½éŸ³æ¨‚, é€›è¡—, ",zh-TW,Data Communication Business Group,2019-10-07 17:49:43 +0800
4163330,harry,å¥³,æ™´å…’è³´lq162,,zh-TW,TISP LIMITED,2019-10-07 17:49:47 +0800
4116319,harry,ç”·,æ´¨æœˆå…”,"183/75 å­¤å–®å¯‚å¯äº†å—ï¼Ÿ
æƒ³èŠå¤©çš„å°±æ‰“çµ¦æˆ‘^_^
æ›è³´èªè­˜äº¤å‹è¦‹é¢
å¾µæ›¸å‹ã€çƒå‹(ç¾½çƒï¼‰
â€”â€”â€”â€”â€”â€”â€”â€”â€”â€”â€”â€”â€”-
éº»ç…©é¨·çµ¦æˆ‘è½
å¦‚æœä½ å¤ måˆæ¬ è‚çš„è©±^_^",zh-TW,"Far EastTone Telecommunication Co., Ltd.",2019-10-07 18:20:50 +0800
3988373,harry,å¥³,æ€æ€,æˆ‘å°æˆ‘è‡ªå·±çš„è²éŸ³ä¸æ˜¯å¾ˆæœ‰ä¿¡å¿ƒè€¶ æˆ‘å€‘æ–‡å­—å°±å¥½äº† ä¹Ÿå¯ä»¥åŠ æˆ‘è³´èŠå“¦ï¼šcsy816,zh-TW,Data Communication Business Group,2019-10-07 16:23:33 +0800
4129847,harry,å¥³,é›…é›…è³´dk266,é€™å€‹ä¸å¸¸ç”¨ æ–¹ä¾¿åŠ è³´èŠå–”dk266,zh-TW,Data Communication Business Group,2019-10-07 18:01:43 +0800
4157298,harry,å¥³,èª æ„äº¤å‹åŠ ç´«éµ‘è³´ï¼ˆjuan518ï¼‰è³´æˆ‘å“¦,"è·³èˆ, å”±æ­Œ, é›»å½±, åƒç¾é£Ÿ, æ—…éŠ, è½éŸ³æ¨‚, é€›è¡—, ",zh-TW,Data Communication Business Group,2019-10-07 17:49:52 +0800
4157267,harry,å¥³,èª å¯¦èŠå¤©åŠ ç´«éµ‘è³´ï¼ˆjuan518ï¼‰å¯†æˆ‘å“¦,,zh-TW,Data Communication Business Group,2019-10-07 17:49:56 +0800
4157247,harry,å¥³,ç´«éµ‘çœŸèª äº¤å‹åŠ è³´ï¼ˆjuan518ï¼‰å¯†æˆ‘å“¦,"è·³èˆ, å”±æ­Œ, é›»å½±, åƒç¾é£Ÿ, æ—…éŠ, è½éŸ³æ¨‚, é€›è¡—, ",zh-TW,TBC,2019-10-07 18:26:56 +0800
4157222,harry,å¥³,ç´«éµ‘èª å¯¦äº¤å‹åŠ è³´ï¼ˆjuan518ï¼‰å¯†æˆ‘å“¦,"è·³èˆ, å”±æ­Œ, é›»å½±, åƒç¾é£Ÿ, æ—…éŠ, è½éŸ³æ¨‚, é€›è¡—, ",zh-TW,GCNet (Reach & Range Inc.),2019-10-07 18:26:59 +0800
4157199,harry,å¥³,çœŸèª äº¤å‹åŠ ç´«éµ‘è³´ï¼ˆjuan518ï¼‰å¯†æˆ‘å“¦,"è·³èˆ, å”±æ­Œ, é›»å½±, åƒç¾é£Ÿ, æ—…éŠ, è½éŸ³æ¨‚, é€›è¡—, ",zh-TW,Data Communication Business Group,2019-10-07 18:27:02 +0800
4157145,harry,å¥³,èŠå¤©åŠ ç´«éµ‘è³´ï¼ˆjuan518ï¼‰å¯†æˆ‘å“¦,"è·³èˆ, å”±æ­Œ, é›»å½±, åƒç¾é£Ÿ, æ—…éŠ, è½éŸ³æ¨‚, é€›è¡—, ",zh-TW,Data Communication Business Group,2019-10-08 17:04:31 +0800
4141730,harry,å¥³,è³´bgz3542,,zh-TW,"Linode, LLC",2019-10-07 18:01:27 +0800
4156223,harry,å¥³,å“ˆå˜äº¤å‹åŠ è³´å–”  QIANQIAN111,å“ˆå˜å¤§å®¶å¥½æˆ‘å‰›ç©é€™å€‹å¹³å°éº»ç…©å¤§å®¶å¤šå¤šé—œç…§å–” äº¤å‹åŠ è³´å–”  QIANQIAN111,zh-TW,Data Communication Business Group,2019-10-07 18:18:32 +0800
2772399,harry,å¥³,è³´cola12311,å¥—æˆ¿â•cola12311,zh-TW,"Far EastTone Telecommunication Co., Ltd.",2019-10-07 18:06:18 +0800
4155337,harry,ç”·,ç´„ã„†å‹ä¸­,"æœ‰èˆˆè¶£åŠ è³´foeve0604
ä¸è«‡é‡‘éŒ¢ç´”æ‰¾ã„†å‹
ç›´æ¥è³´ç´„
",zh-TW,Taiwan Star Telecom Corporation Limited.(Former Vibo Telecom Inc.),2019-10-07 18:18:41 +0800
2453250,harry,ç”·,è³´redshadow44,,zh-TW,"Taiwan Mobile Co., Ltd.",2019-10-07 18:06:39 +0800
4154180,harry,å¥³,çªçªè³´qq870219,,zh-TW,Data Communication Business Group,2019-10-07 16:49:23 +0800
4154111,harry,å¥³,çªçªè³´qq870219,,zh-TW,Data Communication Business Group,2019-10-07 16:49:25 +0800
4153599,harry,å¥³, çªçªè³´qq870219,,zh-TW,CHINA UNICOM China169 Backbone,2019-10-07 16:49:27 +0800
4153600,harry,å¥³,å°é›…è³´766re,"è·³èˆ, å”±æ­Œ, ç±ƒçƒ, é›»å½±, æ”å½±, æ—…éŠ, æ‰“éº»å°‡, é€›è¡—, ",zh-TW,Data Communication Business Group,2019-10-07 18:00:53 +0800
4153584,harry,å¥³,çªçªè³´qq870219,,zh-TW,Data Communication Business Group,2019-10-07 16:49:28 +0800
4141203,harry,å¥³,çªçªè³´qq870219,èŠå¤©äº¤å‹åŠ è³´hljkl,zh-TW,Data Communication Business Group,2019-10-07 16:49:29 +0800
4151507,harry,å¥³,è³´kp696,,zh-TW,Data Communication Business Group,2019-10-07 18:01:05 +0800
2737254,harry,å¥³,å°æ²,æˆ‘æ˜¯ä¸€å€‹æ¨‚è§€é–‹æœ—çš„å¥³ç”Ÿå–œæ­¡äº¤æœ‹å‹ ä¹Ÿæƒ³æ‰¾å€‹ä»– ä½ æœƒæ˜¯æˆ‘çš„é‚£å€‹ä»–å— åŠ è³´hg4888,zh-TW,Data Communication Business Group,2019-10-07 16:24:35 +0800
4150488,harry,å¥³,æ™—æ™—è³´266y,,zh-TW,HKT Limited,2019-10-07 18:01:19 +0800
4149614,harry,å¥³,è³´jq0515,,zh-TW,Data Communication Business Group,2019-10-07 18:01:15 +0800
4149462,harry,å¥³,è³´ xkt537,èŠå¤©äº¤å‹ åŠ è³´ xkt537,zh-TW,"Linode, LLC",2019-10-07 18:01:12 +0800
4148257,harry,å¥³,åŠ ç´«éµ‘è³´ï¼ˆjuan518ï¼‰å¯†æˆ‘å“¦,"è·³èˆ, å”±æ­Œ, é›»å½±, åƒç¾é£Ÿ, æ—…éŠ, è½éŸ³æ¨‚, é€›è¡—, ",zh-TW,Data Communication Business Group,2019-10-07 18:01:10 +0800
4146766,harry,ç”·,TT,+è³´ csh3344,zh-TW,ISP/IXP IN CAMBODIA WITH THE BEST VERVICE IN THERE.,2019-10-07 18:18:48 +0800
4127332,harry,ç”·,å°è³¢,"æ‰‹æ©Ÿè²¼è†œå¯ä»¥æ‰¾æˆ‘å–”~
è³´ï¼ˆmike582066ï¼‰",zh-TW,"Taiwan Mobile Co., Ltd.",2019-10-07 18:20:58 +0800
4146216,harry,ç”·,ä¸‰å°¾ç‰›,"é…’ï¼Œè¸ğŸš¬ï¼Œåˆºé’ï¼Œå¤§æ–¹ï¼Œèªªèµ°å°±èµ°ï¼Œä½æ²ˆå—“ï¼Œå¥½ç›¸è™•ï¼Œç¥èª¿çš®ğŸ˜ï¼æ„›é‡£é­šğŸ£ï¼Œåªè¦å¦³å–œæ­¡åƒè¦ğŸ¦ç«‹åˆ»é‡£ä¸‰æ–¤è®“å¦³åƒåˆ°åğŸ˜‚æ­¡è¿è²·å¯æ¨‚é•·17ï¼Œå¯¬12ğŸ˜„æœ€å°‘3æ¬¡ï¼Œæ­¡è¿ğŸ‘ï¼ˆä¸çŸ¥é“ä»€éº¼å±¬æ€§ï¼Œæ±‚é–‹ç™¼ğŸ¤”ï¼‰è³´d999704141ï¼Œæ€§æ…¾å¤ªå¼·ä¸å–œå‹¿è¿‘ï½å¯ä»¥åˆ¥TMå†âš¡ï¸â¤ï¸äº†å—ğŸ™„ğŸ™„ğŸ™„ğŸ™„ğŸ™„ğŸ™„ğŸ™„ğŸ™„ğŸ™„ğŸ™„ğŸ™„ğŸ™„ğŸ™„ğŸ™„ğŸ™„ğŸ™„ï½ï¼ˆé˜¿å¯©æ ¸ç…§ç‰‡æ˜¯è¦å¤šä¹…..ï¼‰é˜¿ç”˜...æˆ‘æ˜æ˜å¾ˆå¥½èŠ..æ­¡è¿å•å•é¡ŒğŸ™„
æ‰¾å¥³å‹ï¼Œèƒ½ç–¼ï¼Œèƒ½æ„›â¤ï¸ï¼Œèƒ½å‘µè­·ï¼Œä¸é›¢ä¸æ£„ï¼Œé‡é»é‚£å€‹ä¾†è‚¯å–æˆ‘è¦ªæ‰‹ç…®çš„è–‘èŒ¶&ç†±å¯å¯ğŸ˜",zh-TW,"Taiwan Mobile Co., Ltd.",2019-10-07 18:19:53 +0800
264486,harry,ç”·,è³´mpmphphp,"æ”å½±, é¢¨æ™¯, éŠå±±ç©æ°´, é›»å½±, å‹•æ¼«",zh-TW,Taiwan Star Telecom Corporation Limited.(Former Vibo Telecom Inc.),2019-10-07 18:07:28 +0800
4115539,harry,å¥³,è³´jq0515,,zh-TW,Data Communication Business Group,2019-10-07 18:01:55 +0800
4113563,harry,å¥³,è˜‡çŠ,"èŠå¤©äº¤å‹åŠ æˆ‘è³´su9431
",zh-TW,Data Communication Business Group,2019-10-07 18:32:17 +0800
4140277,harry,ç”·,åŠ è³´a0986740116,,zh-TW,Data Communication Business Group,2019-10-07 18:01:32 +0800
3796270,harry,å¥³,é›ªå…’,å–®èº«äº¤å‹ å–œæ­¡åŠ è³´hg4888,zh-TW,"No.31,Jin-rong Street",2019-10-07 16:24:34 +0800
2270865,harry,ç”·,é«˜é›„çœŸå¿ƒè³´ann7shan,"å”±æ­Œ, é›»å½±, åƒç¾é£Ÿ",zh-TW,Ambit Microsystem Corporation,2019-10-07 18:06:28 +0800
4136473,harry,å¥³,åŠ è³´xxwerèŠ,Lineï¼šxxwer åŠ äº†è¨˜å¾—æ‰“æ‹›å‘¼å“¦,zh-TW,Data Communication Business Group,2019-10-07 18:01:37 +0800
4127333,harry,å¥³,é¦™é¦™åŠæ™š1ï¼š30èª°é™ªåƒçˆ­é®®ç«é‹,"  
ç›´ç™½ğŸ˜æ´»æ½‘ğŸ˜
é›»æ„›âŒç‚®å‹âŒåŠ è³´âŒ
èµ°å¿ƒè·¯ç·šâŒèº«é«˜é«”é‡å¹´é½¡âŒ
æ–‡å­—èŠèŠå¤©ğŸ’«.å–œæ­¡è½æ•…äº‹ğŸ¹è¢«æ›é›»è©±åˆ¥æƒ³å¤šåˆ¥åœ¨æ„ï¼Œæ„›æ–¼æ–‡å­—èŠ",zh-TW,Mobile Business Group,2019-10-07 18:20:11 +0800
3542803,harry,å¥³,ç´«ç†™è³´.663fu,,zh-TW,Data Communication Business Group,2019-10-07 18:06:10 +0800
4078546,harry,å¥³,ç´«ç†™è³´.663fu,,zh-TW,Data Communication Business Group,2019-10-07 18:02:01 +0800
3861136,harry,å¥³,ç´«ç†™è³´663fu,,zh-TW,Data Communication Business Group,2019-10-07 18:05:47 +0800
4078276,harry,å¥³,æ›‰é›¯è³´xwqwe,,zh-TW,Data Communication Business Group,2019-10-07 18:02:05 +0800
3958900,harry,å¥³,ç€¨yh223,"çœŸå¿ƒæ‰¾ç”·å‹è³´ yh223 å”±æ­Œ, è·³èˆ, é›»å½±, æ—…éŠ,",zh-TW,Digital United Inc.,2019-10-08 11:58:48 +0800
3992133,harry,å¥³,å­æ¶µ,"å–œæ­¡èŠå¤©äº¤å‹
é€›è¡—
åƒç¾é£Ÿ
çœ‹çœ‹æ›¸
é‹å‹•
é™½å…‰ï¼Œ
æ„›ç˜‹
æ²’æœ‰è¾¦å¾®ä¿¡ï¼Œäº¤å‹å¯ä»¥åŠ è³´zh9801",zh-TW,Data Communication Business Group,2019-10-07 18:13:43 +0800
4059954,harry,å¥³,é›…é›…è³´dk266,,zh-TW,Data Communication Business Group,2019-10-07 18:02:23 +0800
4076424,harry,å¥³,ç´«ç’‡è³´ndyx2816,,zh-TW,Data Communication Business Group,2019-10-07 18:02:12 +0800
2515559,harry,å¥³,å°å°å¥¶,"èŠå¤© æ›ç¡ é›»æ„›
è³´13140989",zh-TW,"Far EastTone Telecommunication Co., Ltd.",2019-10-14 12:18:27 +0800
4075615,harry,å¥³,å–œæ­¡åŠ è³´å•Š123456hiw,,zh-TW,Data Communication Business Group,2019-10-07 18:03:06 +0800
3759512,harry,å¥³,è±è±è³´w811,,zh-TW,Data Communication Business Group,2019-10-07 18:05:56 +0800
3950635,harry,å¥³,è³´ lq9607,,zh-TW,Data Communication Business Group,2019-10-07 18:05:23 +0800
3923441,harry,å¥³,çœ‹ç…§è³´,ç€¨â•å…¥ï¼šXTMY,zh-TW,Data Communication Business Group,2019-10-07 18:05:28 +0800
4042518,harry,å¥³,æŸjq0515è² ,"è³´jq0515ï¼Œæˆ‘å«å°é›… 20æ­²  161 49 34Dï¼å¯ä»¥èªè­˜å—è·³èˆ, å”±æ­Œ, é›»å½±, åƒç¾é£Ÿ, æ—…éŠ, è½éŸ³æ¨‚, çœ‹å½±é›†, é€›è¡—,",zh-TW,HKT Limited,2019-10-08 16:33:02 +0800
4074361,harry,å¥³,è³´jq0515,,zh-TW,Data Communication Business Group,2019-10-07 18:04:38 +0800
4074317,harry,å¥³,å¤¢ç‘¤,æˆ‘æ˜¯ä¸€å€‹æ„›ç¬‘å–œæ­¡é‹å‹• æ—…éŠ éŸ³æ¨‚çš„å¥³ç”Ÿ å–œæ­¡äº¤å‹èŠå¤©çš„åŠ æˆ‘è³´bmw975,zh-TW,"Sky Digital Co., Ltd.",2019-10-07 18:33:27 +0800
2203820,harry,å¥³,æŸyywwxoè² ,"è·³èˆ, å”±æ­Œ, è½éŸ³æ¨‚, é€›è¡—, æ—…éŠ, è³´jq0515",zh-TW,Data Communication Business Group,2019-10-14 11:09:30 +0800
4074259,harry,å¥³,è³´jq0515,,zh-TW,Data Communication Business Group,2019-10-07 18:04:47 +0800
4074036,harry,å¥³,å©·å¦¹âœ¿,ç´„æ„›åŠ è³´ï¼šcy19871221,zh-TW,"Amazon.com, Inc.",2019-10-07 18:22:00 +0800
4058424,harry,å¥³,æœªä¾†ç”·æœ‹å‹,"é•·çš„ä½ å–œæ­¡çš„é¡å‹ğŸ¤­åŠ äº†å°±çŸ¥é“äº†
è³´smile970012 
å¾®ä¿¡love970012
å¿«ä¾†èŠå¤©å•¦",zh-TW,Mobile Business Group,2019-10-07 18:22:16 +0800
1891264,harry,å¥³,çœ‹æˆ‘å¤§æ£’æ£’å°„ç²¾åŠ è³´164kk Øª,"è½éŸ³æ¨‚, çœ‹å½±é›†, æ‰“éº»å°‡, ",zh-TW,Ambit Microsystem Corporation,2019-10-07 18:06:49 +0800
4071470,harry,å¥³,è¿ªå…‹,è³´ dick40149z åŠ æˆ‘,zh-TW,"Taiwan Mobile Co., Ltd.",2019-10-07 18:22:05 +0800
4070379,harry,å¥³,æ›‰é›¯è³´xwqwe,,zh-TW,Data Communication Business Group,2019-10-07 18:02:26 +0800
4068568,harry,å¥³,å¦®å¦®line:nn6669,æ²’æœ‰æœƒå“¡å–”  å¯ä»¥åŠ æˆ‘è³´nn6669,zh-TW,Data Communication Business Group,2019-10-07 18:22:09 +0800
2710612,harry,å¥³,Lineqoo5566x,"172/63
å°åŒ—äºº
å¤§é ­è²¼ç„¡æ³•é¡¯ç¤º
è³´qoo5566x",zh-TW,SaveCom Internation Inc.,2019-10-07 18:24:47 +0800
3916472,harry,å¥³,å¦®å¦®è³´ï¼šnn6668,,zh-TW,Data Communication Business Group,2019-10-07 18:05:33 +0800
3143131,harry,å¥³,å®‰å¨œ,æˆ‘æ˜¯ä¸€å€‹å–œæ­¡é‹å‹• æ—…è¡Œ éŸ³æ¨‚ è³¼ç‰© æ„›ç¬‘çš„å¥³å­© å–œæ­¡äº¤å‹èŠå¤©åŠ æˆ‘è³´bmw975,zh-TW,"Sky Digital Co., Ltd.",2019-10-14 17:37:29 +0800
4067472,harry,å¥³,æ—ä¾çœ‹ç°¡ä»‹,è³´ly971,zh-TW,Data Communication Business Group,2019-10-07 18:33:33 +0800
2725725,harry,å¥³,è–”è–‡,å–œæ­¡äº¤å‹èŠå¤©åŠ è³´qw41,zh-TW,"Linode, LLC",2019-10-07 18:36:27 +0800
4067317,harry,å¥³,é–‹å¿ƒçœ‹æˆ‘,â•è³´é©šå–œä¸æ–·ï¼ˆXTMYï¼‰,zh-TW,Data Communication Business Group,2019-10-14 11:56:21 +0800
4066866,harry,å¥³,å©‰è“‰,äº¤å‹åŠ è³´å“¦lwr9966,zh-TW,"Linode, LLC",2019-10-07 18:33:38 +0800
4066695,harry,å¥³,è©©é›…,æˆ‘ä¸ç¶“å¸¸åœ¨é€™è£¡ï¼Œå–œæ­¡è©©é›…çš„å¯ä»¥åŠ è³´yt570,zh-TW,Data Communication Business Group,2019-10-14 16:40:27 +0800
2515547,harry,å¥³,å¥¶å°,"é›»æ„› æ›ç¡ èŠå¤©
è³´0908632665",zh-TW,Taiwan Star Telecom Corporation Limited.(Former Vibo Telecom Inc.),2019-10-14 16:52:50 +0800
2673555,harry,å¥³,è³´:a95520122321,åŒ—å±¯,zh-TW,"Far EastTone Telecommunication Co., Ltd.",2019-10-07 18:06:22 +0800
4056337,harry,å¥³,æ›‰å€©,"å–œæ­¡æˆ‘çš„å°å“¥å“¥å¯ä»¥åŠ æˆ‘è³´å“¦  wttkk  è¨˜å¾—çµ¦æˆ‘ç™¼è¨Šæ¯å“¦ 
ä¸ç¶“å¸¸ç©å¤è€",zh-TW,Data Communication Business Group,2019-10-08 16:01:43 +0800
4055973,harry,å¥³,è³´wxiaoxi,,zh-TW,Data Communication Business Group,2019-10-07 18:04:57 +0800
3968218,harry,å¥³,åŠ è³´nmdbc,,zh-TW,CHINA UNICOM China169 Backbone,2019-10-07 18:05:21 +0800
4055821,harry,å¥³,è³´èŠtu733,,zh-TW,"Taiwan Mobile Co., Ltd.",2019-10-07 18:04:59 +0800
4025001,harry,å¥³,æŸjq0515è² ,"è³´jq0515  è·³èˆ, å”±æ­Œ, ç±ƒçƒ, é›»å½±, æ”å½±,",zh-TW,HKT Limited,2019-10-08 16:32:49 +0800
4055418,harry,å¥³,æ¢“æ¶µè³´ZQä¹ä¹å…«å…­,,zh-TW,Data Communication Business Group,2019-10-07 18:05:13 +0800
4054809,harry,å¥³,å©‰å©·è³´hy568,,zh-TW,Data Communication Business Group,2019-10-07 18:05:16 +0800
3968153,harry,å¥³,å°é¹¿é¹¿  ç€¨ac966,,zh-TW,"Amazon.com, Inc.",2019-10-08 11:58:46 +0800
4045715,harry,å¥³,å®…å¥³,"åƒç¾é£Ÿ, æ—…éŠ, é›»å½±çœŸå¿ƒäº¤å‹å¯åŠ è³´kqt20",zh-TW,Guangdong Mobile Communication Co.Ltd.,2019-10-08 12:58:12 +0800
4042291,harry,å¥³,ä½ æƒ³è¦çš„ ä¸‹ä¸€å¥æ˜¯ä»€éº¼,æˆ‘å«å­æ€¡ ç›®å‰å–®èº« ç›¸é‡å°±æ˜¯ç·£åˆ† æœ‰æƒ³ä¸€èµ·åƒé£¯ é€›è¡— çœ‹é›»å½±äº¤å€‹æœ‹å‹ å–œæ­¡çš„å¯ä»¥åŠ æˆ‘èŠå–” æˆ‘è³´ID:yq678ç­‰ä½ å”· åŠ äº†è¨˜å¾—å¯†æˆ‘å–”,zh-TW,Sony Network Taiwan Limited,2019-10-08 16:48:35 +0800
4048404,harry,å¥³,å¤«å¦»å…±ç”¨,"æˆ‘å€‘æ˜¯å¤«å¦»
èŠå¤©çš„å…§å®¹ä¸é™ 
æ¥èµ·é›»è©±æ™‚ 
èŠçš„ä¾†å¯ç•™è³´
",zh-TW,Data Communication Business Group,2019-10-14 11:14:55 +0800
3263415,harry,å¥³,é˜¿æˆ° è³´7788999jordan,"è½éŸ³æ¨‚, åƒç¾é£Ÿ, ç±ƒçƒ, å”±æ­Œ, è·³èˆ, çœ‹æ›¸, é€›è¡—, å¯µç‰©, æ—…éŠ, æ”å½±, é›»å½±, ",zh-TW,Mobile Business Group,2019-10-07 18:06:07 +0800
